Student_ID,SS1_avg_attendance,SS2_avg_attendance,SS3_avg_attendance,Access_to_Technology,Extracurricular_Activities,Private_Home_Tutor,Avg_Daily_Study_Hours,Education_Level,Socioeconomic_Status,Marriage_Status,SS1_First_Term,SS1_Second_Term,SS1_Third_Term,SS2_First_Term,SS2_Second_Term,SS2_Third_Term,SS3_First_Term,SS3_Second_Term
STD001,79.64333333333333,81.25666666666666,94.18333333333334,No,Yes,No,4.6,BSc,High,Married,83.22222222222223,69.33333333333333,76.44444444444444,66.33333333333333,62.666666666666664,71.88888888888889,60.0,71.88888888888889
STD002,85.54333333333334,92.52666666666666,80.30666666666667,Yes,Yes,No,2.3,Secondary School,High,Single,70.0,69.77777777777777,63.0,61.333333333333336,69.0,70.44444444444444,77.22222222222223,65.33333333333333
STD003,89.80333333333334,96.53333333333335,95.32666666666667,Yes,Yes,Yes,1.6,PhD,Middle,Divorced,70.44444444444444,63.0,75.44444444444444,77.22222222222223,78.77777777777777,71.0,70.33333333333333,75.0
STD004,83.19666666666667,87.23666666666668,89.50333333333333,No,Yes,Yes,4.8,PhD,Middle,Divorced,74.66666666666667,84.55555555555556,70.66666666666667,68.22222222222223,67.22222222222223,68.0,77.55555555555556,60.22222222222222
STD005,86.64666666666666,84.81666666666666,82.13333333333333,Yes,No,No,1.1,Secondary School,Low,Divorced,72.25,76.375,65.25,69.125,82.875,73.75,71.125,79.625
STD006,87.31666666666666,85.28333333333333,96.99333333333334,No,No,No,2.6,PhD,Middle,Married,78.88888888888889,69.88888888888889,73.33333333333333,76.66666666666667,60.333333333333336,78.88888888888889,70.0,74.66666666666667
STD007,91.39333333333333,85.37,82.11333333333333,No,Yes,No,1.6,PhD,High,Married,69.5,72.875,68.25,68.25,73.375,71.0,64.125,80.125
STD008,82.39333333333333,88.22333333333334,92.96,No,Yes,No,1.1,PhD,High,Single,74.88888888888889,63.0,59.22222222222222,66.44444444444444,59.333333333333336,73.22222222222223,59.888888888888886,80.0
STD009,91.85666666666667,94.14666666666666,87.47333333333334,No,No,No,1.4,NCE,Middle,Divorced,74.625,65.875,79.5,73.0,66.25,68.5,63.125,58.25
STD010,86.27333333333333,89.48666666666666,83.18666666666667,No,No,No,2.6,PhD,Middle,Single,62.375,66.875,64.25,77.125,68.25,71.125,64.0,71.125
STD011,88.43666666666667,82.68666666666667,86.50666666666666,Yes,No,Yes,2.6,Secondary School,Middle,Married,75.0,63.22222222222222,58.888888888888886,75.11111111111111,73.11111111111111,73.22222222222223,64.77777777777777,73.77777777777777
STD012,93.66333333333334,80.89999999999999,84.22666666666667,No,No,No,3.2,Secondary School,Low,Married,77.125,65.0,69.125,62.875,63.375,71.25,67.375,73.375
STD013,91.61333333333334,89.52666666666666,89.99333333333334,No,No,Yes,3.6,MSc,Middle,Divorced,72.88888888888889,72.0,63.888888888888886,74.77777777777777,66.33333333333333,64.88888888888889,70.0,66.22222222222223
STD014,91.22666666666667,83.2,90.88,Yes,No,No,4.1,HND,High,Divorced,66.75,66.625,70.375,75.375,73.875,75.0,68.875,70.375
STD015,83.59333333333333,92.88666666666666,90.53333333333335,No,Yes,Yes,1.8,MSc,Middle,Divorced,62.625,70.875,73.0,69.75,71.25,58.5,69.125,66.375
STD016,87.55666666666667,87.61000000000001,94.19666666666667,No,No,No,2.7,NCE,Low,Married,81.625,71.875,60.625,66.75,73.625,62.125,60.125,75.625
STD017,86.58999999999999,87.67,83.69,No,No,No,4.5,NCE,Middle,Divorced,57.22222222222222,74.66666666666667,69.33333333333333,71.55555555555556,73.55555555555556,65.66666666666667,75.22222222222223,75.33333333333333
STD018,96.39666666666666,94.63,82.27,Yes,Yes,Yes,3.3,HND,High,Married,76.875,71.125,64.875,76.25,77.375,77.375,74.375,85.25
STD019,89.21333333333332,94.46,90.14,No,No,No,2.4,MSc,Low,Married,68.5,82.875,77.5,67.0,51.625,69.875,63.875,79.25
STD020,84.47666666666667,83.07333333333334,87.63333333333333,Yes,No,Yes,2.7,Secondary School,Low,Divorced,76.22222222222223,69.11111111111111,73.22222222222223,68.88888888888889,65.33333333333333,67.0,74.11111111111111,64.77777777777777
STD021,90.74666666666667,94.76333333333334,92.50666666666666,No,Yes,Yes,2.7,Secondary School,Low,Married,78.33333333333333,64.44444444444444,69.33333333333333,81.44444444444444,74.88888888888889,69.66666666666667,77.11111111111111,65.11111111111111
STD022,89.07666666666667,83.02333333333333,86.05333333333333,No,No,Yes,4.7,PhD,High,Married,84.5,66.5,66.875,75.625,63.125,68.625,72.5,66.75
STD023,84.94333333333334,91.73666666666668,83.33666666666666,No,No,No,4.0,Secondary School,Low,Married,70.66666666666667,72.0,65.88888888888889,65.44444444444444,67.0,66.11111111111111,72.77777777777777,69.88888888888889
STD024,84.83666666666666,90.96,85.15333333333334,No,No,No,1.8,BSc,Low,Married,68.0,66.11111111111111,62.333333333333336,65.88888888888889,68.11111111111111,67.66666666666667,79.33333333333333,78.44444444444444
STD025,84.48,95.82666666666667,92.08999999999999,Yes,No,No,4.3,HND,Low,Married,80.875,72.375,71.625,76.375,64.5,66.875,67.0,67.25
STD026,83.75333333333333,88.28000000000002,79.16666666666667,No,Yes,No,1.5,PhD,Middle,Single,67.22222222222223,79.66666666666667,72.77777777777777,81.11111111111111,73.88888888888889,70.66666666666667,71.11111111111111,72.33333333333333
STD027,84.20333333333333,86.39,85.23333333333333,Yes,No,Yes,4.3,HND,High,Divorced,79.22222222222223,62.55555555555556,65.77777777777777,61.44444444444444,61.888888888888886,69.55555555555556,64.33333333333333,64.55555555555556
STD028,93.45333333333333,85.30666666666667,89.32333333333334,Yes,No,No,1.2,Secondary School,Middle,Married,61.888888888888886,69.33333333333333,58.77777777777778,75.22222222222223,67.33333333333333,74.88888888888889,81.33333333333333,75.88888888888889
STD029,88.83666666666666,86.83999999999999,82.40333333333334,No,Yes,No,2.6,HND,High,Divorced,56.125,75.0,75.375,75.25,81.75,63.5,76.25,78.875
STD030,81.93666666666667,78.92333333333333,90.02666666666669,No,No,No,2.5,BSc,Middle,Divorced,66.625,67.5,58.125,66.5,66.5,77.75,62.25,73.5
STD031,94.56333333333333,83.84333333333333,79.14,No,Yes,Yes,2.3,MSc,Low,Single,62.22222222222222,78.77777777777777,70.33333333333333,72.33333333333333,68.55555555555556,65.11111111111111,74.77777777777777,70.44444444444444
STD032,89.13,80.80333333333333,87.58999999999999,Yes,Yes,No,3.3,NCE,High,Single,68.33333333333333,63.44444444444444,65.22222222222223,81.0,63.333333333333336,75.77777777777777,69.55555555555556,71.77777777777777
STD033,84.92999999999999,82.66333333333334,89.48333333333333,Yes,Yes,Yes,3.8,Secondary School,Middle,Single,73.75,83.375,69.75,74.25,60.5,62.875,59.5,77.5
STD034,81.23333333333333,92.68333333333334,87.99333333333334,Yes,No,Yes,4.3,HND,Middle,Single,69.0,68.125,70.625,65.875,63.375,82.5,73.875,68.625
STD035,87.62333333333333,93.51666666666667,90.62333333333333,Yes,No,Yes,1.5,BSc,High,Divorced,78.22222222222223,68.55555555555556,74.55555555555556,64.33333333333333,72.33333333333333,83.88888888888889,68.88888888888889,65.44444444444444
STD036,89.27333333333333,89.39666666666666,92.10333333333334,No,No,Yes,3.7,NCE,High,Single,59.125,78.75,72.625,66.875,57.875,81.375,64.25,65.625
STD037,80.70666666666666,92.2,82.69666666666667,No,No,No,1.1,PhD,High,Divorced,61.875,68.375,71.625,73.375,79.625,67.25,83.0,73.25
STD038,78.23,94.95666666666666,84.31333333333333,No,Yes,Yes,3.0,Secondary School,High,Married,65.11111111111111,61.333333333333336,78.66666666666667,72.11111111111111,69.33333333333333,70.66666666666667,69.66666666666667,73.0
STD039,87.58,85.07666666666667,87.71,No,No,No,4.8,HND,Low,Single,70.375,74.0,72.5,66.375,72.0,69.625,70.375,76.0
STD040,86.81,89.97333333333334,92.11333333333334,No,Yes,No,4.2,NCE,Low,Single,70.875,75.625,74.0,71.25,69.0,76.25,63.75,85.75
STD041,90.64666666666666,85.99333333333334,98.07333333333334,Yes,No,Yes,4.4,Secondary School,Low,Divorced,68.0,80.5,72.25,69.75,70.25,68.875,76.0,61.75
STD042,88.80666666666667,93.63,94.34666666666668,No,Yes,No,4.9,MSc,Low,Married,77.75,60.5,67.375,71.375,69.25,57.125,66.75,64.5
STD043,87.79,90.62333333333333,88.55333333333333,Yes,Yes,Yes,4.9,Primary School,Middle,Married,69.0,68.55555555555556,54.111111111111114,74.0,65.77777777777777,79.88888888888889,76.88888888888889,74.66666666666667
STD044,96.46333333333332,82.08666666666666,89.64666666666666,Yes,No,Yes,3.4,PhD,Low,Divorced,65.75,67.125,70.625,67.75,75.5,73.125,60.125,54.5
STD045,88.70666666666666,88.23666666666666,87.35666666666667,No,No,No,1.7,MSc,Middle,Married,80.0,66.88888888888889,66.33333333333333,71.55555555555556,69.55555555555556,58.0,72.22222222222223,74.44444444444444
STD046,84.13,94.41666666666667,85.26,Yes,No,Yes,2.1,PhD,Low,Single,74.33333333333333,66.55555555555556,81.77777777777777,78.33333333333333,72.88888888888889,76.0,60.77777777777778,69.33333333333333
STD047,82.62333333333333,95.98666666666668,93.86333333333334,No,No,Yes,5.0,PhD,Low,Single,66.44444444444444,68.22222222222223,67.33333333333333,70.44444444444444,67.22222222222223,70.66666666666667,84.66666666666667,59.55555555555556
STD048,88.45,78.34333333333333,82.54333333333334,No,No,No,3.3,PhD,Low,Single,70.0,69.75,64.375,68.875,70.75,74.125,72.875,74.375
STD049,92.95,89.08666666666666,86.46999999999998,No,Yes,Yes,2.8,PhD,Middle,Married,68.25,55.125,66.75,77.25,63.375,68.625,75.375,78.5
STD050,89.32,92.83,86.61666666666667,No,Yes,No,3.7,Secondary School,Middle,Divorced,65.5,59.375,73.875,72.0,70.25,65.5,78.25,67.75
STD051,91.13999999999999,83.87666666666667,87.41000000000001,No,No,Yes,4.4,BSc,Low,Married,70.77777777777777,66.88888888888889,58.888888888888886,70.77777777777777,71.55555555555556,57.44444444444444,64.66666666666667,61.55555555555556
STD052,92.42333333333333,90.04666666666667,86.49666666666667,No,Yes,Yes,4.6,HND,High,Divorced,68.0,66.77777777777777,70.11111111111111,64.44444444444444,65.33333333333333,71.88888888888889,77.66666666666667,70.11111111111111
STD053,84.11333333333333,79.72666666666667,89.75666666666666,No,No,No,3.2,Secondary School,Middle,Divorced,75.33333333333333,70.66666666666667,68.33333333333333,69.0,74.22222222222223,79.66666666666667,74.22222222222223,73.66666666666667
STD054,88.98666666666668,82.54,84.94,Yes,No,No,2.1,NCE,Middle,Married,68.66666666666667,77.66666666666667,65.55555555555556,74.22222222222223,67.33333333333333,60.0,72.44444444444444,66.11111111111111
STD055,84.18666666666667,88.17999999999999,83.69666666666666,Yes,Yes,Yes,4.2,HND,Middle,Divorced,63.55555555555556,67.66666666666667,51.666666666666664,69.55555555555556,73.55555555555556,63.0,64.66666666666667,70.22222222222223
STD056,92.16666666666667,81.24000000000001,95.21666666666665,Yes,No,No,2.9,NCE,High,Married,67.25,67.25,66.0,75.375,75.25,67.625,64.625,64.375
STD057,91.45666666666666,83.15666666666667,83.48666666666666,Yes,No,No,2.9,NCE,High,Single,65.5,77.125,76.625,82.0,62.25,67.875,68.0,67.375
STD058,86.57000000000001,87.80333333333333,78.48333333333333,Yes,Yes,Yes,2.0,Secondary School,Middle,Married,73.75,70.625,76.375,70.625,84.25,71.125,82.5,61.125
STD059,87.45,88.64,86.90333333333332,No,Yes,No,3.4,NCE,High,Single,61.375,64.25,67.75,62.875,66.5,65.0,76.875,67.375
STD060,83.91666666666667,85.01,90.18333333333334,Yes,Yes,Yes,3.6,PhD,Low,Divorced,71.875,58.125,65.5,64.5,72.75,67.375,72.625,77.25
STD061,86.95666666666666,90.96333333333332,82.45333333333333,No,No,No,4.3,Primary School,Middle,Married,65.11111111111111,73.66666666666667,67.44444444444444,77.55555555555556,70.11111111111111,69.66666666666667,73.11111111111111,70.22222222222223
STD062,91.13,85.17666666666666,87.48,Yes,Yes,Yes,1.4,Secondary School,Middle,Divorced,62.888888888888886,66.77777777777777,67.55555555555556,67.88888888888889,64.11111111111111,65.77777777777777,77.22222222222223,72.66666666666667
STD063,95.33,87.43333333333334,87.66666666666667,Yes,No,Yes,3.8,Primary School,Low,Married,70.11111111111111,71.44444444444444,78.77777777777777,76.77777777777777,75.33333333333333,68.55555555555556,74.22222222222223,69.88888888888889
STD064,84.56666666666666,86.63,90.83,Yes,Yes,Yes,2.4,BSc,Low,Married,88.22222222222223,68.77777777777777,63.666666666666664,74.11111111111111,73.33333333333333,74.66666666666667,65.55555555555556,66.22222222222223
STD065,89.34999999999998,89.34333333333332,85.34333333333332,Yes,Yes,Yes,2.8,NCE,High,Single,61.888888888888886,62.111111111111114,74.11111111111111,74.77777777777777,71.88888888888889,68.88888888888889,78.55555555555556,63.77777777777778
STD066,93.53666666666668,86.94333333333333,89.06666666666666,Yes,Yes,No,2.3,HND,High,Married,71.5,66.125,68.0,61.25,72.75,59.375,79.625,69.625
STD067,95.75666666666666,90.61,89.04333333333334,Yes,Yes,Yes,3.5,BSc,Low,Married,70.77777777777777,67.55555555555556,70.55555555555556,77.77777777777777,58.0,64.33333333333333,78.88888888888889,71.33333333333333
STD068,86.28333333333335,87.10000000000001,82.97666666666667,No,No,No,4.5,Primary School,Middle,Divorced,73.375,67.125,60.5,71.75,79.25,66.25,67.875,68.0
STD069,79.65333333333332,78.56666666666666,88.77,No,No,Yes,1.3,MSc,Middle,Married,59.22222222222222,76.55555555555556,69.66666666666667,63.22222222222222,63.22222222222222,75.44444444444444,74.88888888888889,73.88888888888889
STD070,79.03333333333333,84.05333333333333,90.80333333333334,No,No,No,3.0,BSc,Middle,Single,80.66666666666667,72.22222222222223,62.111111111111114,66.44444444444444,61.77777777777778,64.22222222222223,69.22222222222223,58.111111111111114
STD071,89.19333333333333,93.50333333333333,94.77,No,No,Yes,1.6,Secondary School,High,Married,65.0,68.44444444444444,71.22222222222223,72.0,54.333333333333336,67.66666666666667,68.77777777777777,68.11111111111111
STD072,81.97333333333334,83.2,88.26666666666667,Yes,Yes,No,2.8,PhD,Low,Married,81.375,70.25,69.5,70.5,63.75,72.375,72.125,81.125
STD073,88.26666666666667,87.77333333333333,85.74000000000001,Yes,No,No,2.9,BSc,Middle,Single,72.11111111111111,75.88888888888889,64.55555555555556,67.11111111111111,71.11111111111111,77.0,75.55555555555556,59.0
STD074,85.60000000000001,85.99000000000001,86.65666666666668,No,No,No,3.0,MSc,High,Married,66.25,70.5,68.375,71.5,77.375,64.5,69.125,70.75
STD075,82.45,94.83,93.14333333333333,Yes,Yes,No,1.8,PhD,Middle,Married,67.0,65.77777777777777,74.88888888888889,71.33333333333333,89.0,68.66666666666667,68.44444444444444,63.333333333333336
STD076,96.03666666666668,84.18333333333334,88.42333333333333,Yes,Yes,Yes,3.4,BSc,High,Single,62.5,63.0,83.0,66.5,63.125,71.375,66.25,78.625
STD077,90.27333333333333,87.75999999999999,83.92666666666666,Yes,Yes,Yes,4.3,NCE,Low,Married,73.25,74.25,73.75,68.0,69.5,59.125,74.25,70.75
STD078,87.41666666666667,87.68666666666667,85.71,Yes,No,No,4.3,Primary School,Middle,Married,74.44444444444444,69.22222222222223,64.33333333333333,70.55555555555556,66.44444444444444,70.66666666666667,65.33333333333333,70.0
STD079,85.38333333333333,82.19666666666667,86.90666666666668,Yes,No,No,2.3,NCE,High,Married,69.0,70.22222222222223,71.66666666666667,60.77777777777778,73.22222222222223,59.77777777777778,68.66666666666667,72.55555555555556
STD080,90.08999999999999,84.42,82.38666666666667,No,No,No,4.2,HND,Middle,Married,73.11111111111111,75.44444444444444,75.77777777777777,71.66666666666667,59.0,64.33333333333333,72.33333333333333,73.77777777777777
STD081,90.78333333333335,84.73333333333333,88.86333333333334,No,Yes,No,3.4,BSc,Middle,Divorced,77.25,66.125,77.375,78.375,77.125,75.875,69.625,63.375
STD082,90.78000000000002,93.28000000000002,85.05666666666667,No,Yes,Yes,1.0,NCE,Middle,Married,75.25,69.875,70.125,64.375,73.25,73.375,67.125,62.75
STD083,89.46,86.99000000000001,84.33666666666666,No,Yes,Yes,2.1,HND,High,Divorced,69.33333333333333,66.66666666666667,73.11111111111111,74.77777777777777,55.333333333333336,76.77777777777777,61.44444444444444,72.44444444444444
STD084,83.83,86.91666666666667,86.97000000000001,Yes,No,Yes,4.8,Secondary School,Middle,Divorced,80.33333333333333,71.22222222222223,78.11111111111111,78.66666666666667,63.77777777777778,69.77777777777777,72.77777777777777,59.0
STD085,94.37666666666667,93.30666666666667,88.19666666666667,No,Yes,No,1.5,BSc,High,Divorced,74.5,65.875,60.5,65.125,78.25,58.0,67.625,62.625
STD086,87.25999999999999,90.74666666666667,84.66000000000001,No,Yes,Yes,3.9,PhD,High,Divorced,61.44444444444444,72.44444444444444,74.0,69.0,68.22222222222223,68.11111111111111,65.88888888888889,64.88888888888889
STD087,89.21999999999998,84.01333333333334,86.79,Yes,Yes,No,2.4,MSc,High,Single,75.5,80.75,75.5,65.625,63.625,71.75,64.625,58.625
STD088,87.77666666666666,95.57666666666667,83.86,Yes,Yes,No,3.7,Secondary School,Middle,Married,65.77777777777777,67.22222222222223,64.88888888888889,65.44444444444444,79.55555555555556,62.0,78.11111111111111,70.0
STD089,79.06,87.33666666666666,83.24000000000001,Yes,Yes,Yes,1.2,PhD,High,Single,69.375,70.375,71.75,71.75,70.75,63.375,84.75,82.625
STD090,89.87,80.36666666666667,94.83,Yes,No,Yes,4.2,BSc,High,Single,72.66666666666667,62.44444444444444,75.44444444444444,70.88888888888889,60.0,71.22222222222223,79.44444444444444,62.22222222222222
STD091,91.17666666666666,89.26333333333332,88.00999999999999,No,Yes,Yes,2.3,NCE,High,Single,79.25,69.125,71.75,76.5,73.875,64.5,81.0,74.625
STD092,82.01333333333334,86.66666666666667,94.87,Yes,No,Yes,2.7,PhD,High,Single,68.125,75.125,65.625,78.375,75.0,69.625,62.25,70.0
STD093,91.21999999999998,91.28666666666668,85.08,No,Yes,No,3.8,PhD,High,Married,61.125,75.0,70.25,68.25,61.5,68.75,68.625,70.125
STD094,86.70333333333333,84.76333333333334,90.38333333333333,Yes,No,Yes,3.6,HND,Middle,Married,66.22222222222223,68.55555555555556,67.33333333333333,72.11111111111111,70.77777777777777,71.66666666666667,77.66666666666667,76.33333333333333
STD095,90.20666666666666,88.72333333333334,97.67,Yes,No,Yes,2.7,Secondary School,Low,Divorced,69.625,67.625,78.125,68.625,79.375,68.875,83.125,79.5
STD096,91.99333333333334,89.01333333333332,88.59333333333332,Yes,Yes,No,2.6,Primary School,High,Single,67.88888888888889,69.22222222222223,71.0,76.22222222222223,56.888888888888886,75.44444444444444,65.77777777777777,70.44444444444444
STD097,87.05333333333333,88.10666666666667,91.49000000000001,Yes,Yes,No,2.2,PhD,Low,Married,66.625,62.0,70.25,63.625,61.875,80.375,70.375,68.375
STD098,89.87333333333333,85.58999999999999,87.54,No,Yes,No,4.7,NCE,Low,Married,65.625,71.75,64.25,74.375,69.75,71.0,69.625,74.0
STD099,87.34333333333332,84.08,89.33999999999999,No,No,Yes,2.3,NCE,Middle,Single,78.0,74.0,82.875,69.5,79.0,62.625,73.625,67.75
STD100,89.19333333333333,85.42333333333333,82.25333333333333,No,No,Yes,1.7,PhD,Low,Single,73.5,74.0,63.25,71.625,60.625,73.25,59.875,67.0
STD101,79.27999999999999,93.06333333333333,81.04333333333334,Yes,No,No,1.6,MSc,Low,Single,73.0,75.875,69.125,67.875,65.125,58.0,77.625,62.0
STD102,80.49666666666667,88.44,91.12333333333333,No,Yes,No,4.4,Primary School,Middle,Married,62.625,78.25,78.75,72.125,81.75,79.875,66.125,67.75
STD103,88.24,86.03666666666668,83.98333333333333,No,No,Yes,3.0,BSc,High,Divorced,75.625,65.125,65.125,77.75,72.625,63.75,79.75,61.625
STD104,80.49333333333333,87.38333333333333,90.28000000000002,Yes,Yes,Yes,1.6,Secondary School,Low,Married,74.625,71.25,70.5,75.25,73.25,73.625,70.0,74.0
STD105,90.77,82.91333333333334,95.19666666666667,Yes,Yes,Yes,2.7,Secondary School,Low,Married,68.66666666666667,75.44444444444444,68.88888888888889,67.55555555555556,78.11111111111111,70.33333333333333,67.33333333333333,62.888888888888886
STD106,88.8,94.36,90.44333333333333,Yes,No,No,4.5,MSc,Middle,Single,74.33333333333333,65.44444444444444,70.88888888888889,72.77777777777777,65.22222222222223,69.0,82.0,59.55555555555556
STD107,91.79,90.0,90.86,Yes,No,No,1.7,NCE,High,Divorced,60.375,64.875,73.75,68.875,65.875,68.75,68.875,57.5
STD108,92.28000000000002,91.66333333333334,87.23,Yes,Yes,No,3.5,BSc,High,Divorced,71.0,61.25,69.875,68.0,70.25,80.75,64.875,73.25
STD109,86.76666666666667,87.83666666666666,97.39333333333333,Yes,Yes,Yes,2.3,PhD,Middle,Married,75.0,64.5,67.375,65.25,57.875,59.625,72.5,62.875
STD110,88.8,92.3,89.38333333333333,No,Yes,Yes,4.7,Primary School,Middle,Married,79.75,71.875,77.625,65.375,54.375,58.625,71.0,83.375
STD111,86.11,87.82000000000001,83.78666666666666,Yes,No,Yes,3.6,NCE,Low,Married,65.77777777777777,74.44444444444444,77.55555555555556,68.0,69.55555555555556,74.44444444444444,61.333333333333336,66.0
STD112,86.29333333333334,90.95333333333333,83.69,Yes,No,Yes,4.9,PhD,Low,Single,62.0,75.66666666666667,68.66666666666667,73.22222222222223,71.22222222222223,73.11111111111111,73.22222222222223,67.33333333333333
STD113,79.73,85.56666666666666,80.95,Yes,No,Yes,1.6,PhD,High,Divorced,68.77777777777777,74.66666666666667,70.11111111111111,72.77777777777777,65.77777777777777,68.22222222222223,70.66666666666667,62.55555555555556
STD114,82.32666666666667,88.50999999999999,80.88333333333334,No,Yes,Yes,2.6,MSc,Middle,Divorced,71.5,78.125,67.75,68.5,71.125,64.25,73.375,68.875
STD115,82.81666666666666,85.84333333333332,90.77333333333333,No,Yes,No,4.4,Primary School,Middle,Single,67.55555555555556,68.33333333333333,67.0,69.11111111111111,71.66666666666667,77.88888888888889,83.22222222222223,66.55555555555556
STD116,92.57333333333334,86.08999999999999,82.57666666666667,Yes,No,No,1.5,NCE,High,Single,81.75,69.5,69.875,73.5,70.75,69.0,73.75,59.125
STD117,92.83666666666666,90.10666666666667,91.74333333333334,Yes,No,Yes,1.4,PhD,Middle,Divorced,68.375,80.375,66.25,74.0,70.5,77.375,73.125,71.5
STD118,88.36666666666667,85.13333333333334,81.60666666666667,No,Yes,Yes,3.9,NCE,Low,Married,67.875,71.375,68.0,65.0,66.0,74.0,73.625,60.625
STD119,94.41666666666667,93.47666666666667,88.27,No,Yes,No,3.1,Primary School,Middle,Divorced,72.22222222222223,70.11111111111111,77.44444444444444,63.111111111111114,66.33333333333333,82.11111111111111,65.0,67.0
STD120,78.38333333333334,85.73333333333333,89.91666666666667,No,Yes,Yes,4.6,PhD,Low,Married,70.375,69.625,86.0,67.125,72.5,65.875,83.75,72.5
STD121,86.81333333333333,84.91000000000001,84.69666666666667,Yes,No,No,3.2,Primary School,Middle,Married,78.5,77.875,70.75,71.0,69.875,75.125,69.25,70.125
STD122,89.37333333333333,92.79,79.04,No,No,No,1.2,HND,Middle,Divorced,68.33333333333333,71.33333333333333,79.11111111111111,77.77777777777777,71.11111111111111,57.44444444444444,66.77777777777777,64.55555555555556
STD123,91.58666666666666,91.16000000000001,83.35666666666667,Yes,Yes,No,4.1,BSc,Low,Single,65.22222222222223,72.11111111111111,69.88888888888889,66.66666666666667,72.55555555555556,71.33333333333333,65.22222222222223,78.55555555555556
STD124,85.41666666666667,84.11666666666666,88.45666666666666,No,No,No,4.9,MSc,Middle,Married,70.125,64.875,71.625,71.125,85.375,69.375,71.0,79.625
STD125,87.84333333333332,90.22333333333331,83.80333333333333,Yes,No,Yes,2.8,Primary School,Middle,Married,69.625,76.25,64.25,67.25,63.375,77.75,70.125,66.0
STD126,88.12,86.82666666666667,91.67666666666666,Yes,Yes,Yes,4.7,Secondary School,Middle,Divorced,82.0,71.375,80.25,63.5,76.0,70.0,58.375,58.625
STD127,79.81333333333333,84.36666666666666,82.11666666666667,No,Yes,Yes,3.6,PhD,Middle,Divorced,69.44444444444444,65.55555555555556,73.11111111111111,67.77777777777777,75.44444444444444,58.666666666666664,69.66666666666667,60.44444444444444
STD128,85.71999999999998,87.24666666666667,80.04666666666667,Yes,No,No,4.1,NCE,High,Divorced,74.0,71.0,78.22222222222223,61.111111111111114,64.66666666666667,72.88888888888889,71.55555555555556,69.11111111111111
STD129,87.3,85.77333333333333,92.79,No,No,Yes,3.0,PhD,Middle,Divorced,72.875,72.875,74.25,69.625,69.0,80.75,70.625,69.375
STD130,89.35666666666667,87.2,91.03333333333335,No,No,No,4.4,BSc,Middle,Single,75.22222222222223,68.22222222222223,60.333333333333336,69.33333333333333,82.77777777777777,77.33333333333333,69.22222222222223,71.22222222222223
STD131,79.60333333333334,82.55,90.66666666666667,Yes,Yes,Yes,1.2,BSc,High,Divorced,67.0,78.11111111111111,68.33333333333333,69.33333333333333,68.33333333333333,74.22222222222223,72.33333333333333,70.77777777777777
STD132,88.46333333333332,93.57000000000001,88.18,No,No,No,2.8,Primary School,Middle,Divorced,59.875,75.625,71.625,66.625,66.5,61.125,73.75,81.25
STD133,94.49666666666667,82.14333333333333,89.08333333333333,No,Yes,No,3.2,PhD,Low,Married,67.625,72.0,69.875,81.25,67.0,77.375,70.0,61.0
STD134,85.87666666666667,88.86666666666667,96.07333333333334,No,Yes,No,2.6,Primary School,Low,Married,75.55555555555556,68.33333333333333,66.0,66.77777777777777,69.33333333333333,68.55555555555556,65.66666666666667,75.11111111111111
STD135,95.53666666666668,93.27,89.82333333333334,Yes,No,No,2.2,Secondary School,Middle,Divorced,75.875,64.25,70.25,79.625,75.375,66.125,69.5,80.375
STD136,80.67333333333333,86.69333333333333,95.76333333333334,Yes,Yes,Yes,3.0,MSc,High,Single,82.75,67.625,79.375,83.75,72.5,62.875,71.625,73.25
STD137,85.75333333333333,93.44666666666667,90.69333333333333,Yes,Yes,Yes,3.4,MSc,High,Married,69.11111111111111,70.77777777777777,67.44444444444444,61.888888888888886,75.55555555555556,69.66666666666667,71.66666666666667,67.55555555555556
STD138,98.09333333333332,89.13,85.45333333333333,No,Yes,Yes,4.5,HND,Low,Married,69.77777777777777,65.44444444444444,67.88888888888889,69.44444444444444,71.33333333333333,64.55555555555556,63.111111111111114,61.55555555555556
STD139,87.08333333333333,93.36333333333333,84.50666666666666,Yes,Yes,No,5.0,Secondary School,Low,Single,63.44444444444444,72.0,74.66666666666667,71.0,62.111111111111114,68.0,69.0,74.88888888888889
STD140,97.12,83.21333333333332,80.64,No,Yes,No,4.9,PhD,High,Divorced,72.5,67.875,67.75,72.625,70.625,70.625,66.625,70.25
STD141,92.03000000000002,81.38666666666667,95.0,No,Yes,No,1.1,Secondary School,High,Single,69.11111111111111,65.0,62.77777777777778,73.11111111111111,69.11111111111111,82.0,61.333333333333336,75.88888888888889
STD142,93.10333333333334,89.24666666666667,84.50333333333333,Yes,Yes,Yes,2.2,PhD,Middle,Divorced,57.55555555555556,65.22222222222223,70.11111111111111,72.11111111111111,68.77777777777777,58.333333333333336,67.22222222222223,75.0
STD143,81.07333333333334,92.16666666666667,94.79,No,Yes,No,5.0,NCE,Low,Divorced,75.125,76.25,72.0,67.125,76.0,70.625,77.625,68.5
STD144,85.58333333333333,96.04,89.63666666666667,Yes,Yes,No,2.2,HND,Middle,Divorced,73.125,74.25,65.875,63.75,74.875,67.125,88.875,72.875
STD145,88.92,91.92666666666666,94.83999999999999,Yes,No,No,2.5,PhD,Middle,Divorced,77.66666666666667,77.0,70.88888888888889,72.55555555555556,68.44444444444444,65.0,74.88888888888889,69.88888888888889
STD146,94.63333333333333,83.47666666666667,79.70666666666666,No,Yes,No,1.7,Primary School,Middle,Divorced,65.44444444444444,75.0,80.0,64.77777777777777,73.33333333333333,72.55555555555556,64.11111111111111,77.33333333333333
STD147,86.77666666666666,91.98666666666668,91.41333333333334,No,Yes,No,4.0,Secondary School,Low,Married,80.0,76.75,64.25,67.625,63.125,74.5,68.625,68.5
STD148,86.36333333333334,88.66000000000001,84.01333333333334,No,Yes,Yes,2.4,MSc,High,Married,62.888888888888886,73.0,56.55555555555556,78.0,66.11111111111111,68.55555555555556,66.22222222222223,62.333333333333336
STD149,86.15666666666668,86.64999999999999,86.63666666666666,No,Yes,No,4.2,MSc,Middle,Married,76.22222222222223,75.55555555555556,74.55555555555556,67.77777777777777,62.77777777777778,65.77777777777777,69.11111111111111,66.77777777777777
STD150,89.7,89.84666666666668,86.41000000000001,No,Yes,No,3.6,Secondary School,Low,Married,62.125,62.5,70.375,63.0,64.125,77.625,62.25,71.875
STD151,81.85000000000001,89.45,89.59666666666668,No,No,Yes,1.8,Secondary School,Low,Divorced,71.875,69.625,68.5,71.625,65.5,74.625,59.125,65.375
STD152,87.61333333333334,84.86666666666666,80.44,No,No,No,2.6,PhD,Middle,Divorced,58.5,80.75,66.0,81.375,69.375,65.0,58.25,71.0
STD153,89.42333333333333,91.42333333333333,93.14999999999999,Yes,No,Yes,2.8,NCE,High,Divorced,60.875,67.25,75.625,67.0,79.125,71.75,68.125,77.125
STD154,85.52,81.70333333333333,83.95,No,Yes,Yes,1.2,MSc,High,Married,65.77777777777777,68.77777777777777,75.88888888888889,78.88888888888889,66.66666666666667,59.77777777777778,73.22222222222223,66.33333333333333
STD155,86.15333333333335,81.2,84.54666666666667,No,No,Yes,3.3,MSc,Middle,Divorced,71.66666666666667,70.0,60.77777777777778,65.33333333333333,64.55555555555556,70.88888888888889,70.22222222222223,73.88888888888889
STD156,89.07333333333334,89.44,87.67666666666666,Yes,Yes,No,3.6,Primary School,Middle,Divorced,69.875,60.125,72.75,65.25,67.0,73.5,72.0,72.25
STD157,84.18666666666667,89.17333333333333,89.02333333333333,Yes,Yes,Yes,4.0,MSc,Low,Married,67.625,68.5,70.0,69.0,73.0,69.75,59.375,69.5
STD158,79.51333333333334,84.54333333333334,90.24000000000001,Yes,No,No,1.7,BSc,Low,Married,78.0,73.0,76.0,74.22222222222223,74.88888888888889,53.888888888888886,61.22222222222222,72.77777777777777
STD159,94.40333333333332,84.18333333333334,88.58666666666666,Yes,No,Yes,2.4,BSc,Low,Single,65.88888888888889,68.11111111111111,67.88888888888889,66.22222222222223,58.111111111111114,67.11111111111111,70.11111111111111,75.0
STD160,86.89333333333333,89.54,91.19666666666667,Yes,Yes,Yes,4.1,Secondary School,Low,Divorced,54.5,62.5,60.5,74.125,67.375,73.625,62.375,75.5
